{"cameraMode":{"drawMode":0,"name":"Shaded","section":"Shading Mode"},"sceneLighting":true,"audioPlay":false,"sceneViewState":{"showFog":true,"showMaterialUpdate":false,"showSkybox":true,"showFlares":true,"showImageEffects":true,"showParticleSystems":true},"in2DMode":false,"pivot":{"x":-48.511924743652347,"y":-37.65489959716797,"z":20.70248794555664},"rotation":{"x":-0.2995678782463074,"y":0.5118628740310669,"z":-0.19635596871376038,"w":-0.780875027179718},"size":85.93572998046875,"orthographic":false}